courier_id,birth_year
83,
187,
200,
232,
411,
450,
467,
481,
726,
790,
849,
1016,
1462,
1582,
1644,
1652,
1700,
1756,
1810,
2091,
2128,
2141,
2212,
2233,
2239,
2656,
2867,
2963,
1592,2007.0
2557,2007.0
1885,2006.0
946,2005.0
1741,2005.0
2162,2005.0
2695,2004.0
7,2003.0
845,2003.0
1354,2003.0
1638,2003.0
1696,2003.0
1980,2003.0
2228,2003.0
2476,2003.0
395,2002.0
417,2002.0
516,2002.0
741,2002.0
906,2002.0
1051,2002.0
1114,2002.0
1348,2002.0
1555,2002.0
1570,2002.0
1709,2002.0
1730,2002.0
1907,2002.0
1993,2002.0
2058,2002.0
2188,2002.0
2194,2002.0
2285,2002.0
2296,2002.0
2308,2002.0
2322,2002.0
2386,2002.0
2489,2002.0
2976,2002.0
282,2001.0
336,2001.0
405,2001.0
733,2001.0
869,2001.0
1083,2001.0
1133,2001.0
1213,2001.0
1244,2001.0
1495,2001.0
1663,2001.0
1725,2001.0
1794,2001.0
1893,2001.0
1937,2001.0
2003,2001.0
2024,2001.0
2664,2001.0
2737,2001.0
2747,2001.0
2947,2001.0
3022,2001.0
3092,2001.0
3157,2001.0
120,2000.0
155,2000.0
162,2000.0
315,2000.0
327,2000.0
440,2000.0
447,2000.0
494,2000.0
501,2000.0
565,2000.0
603,2000.0
607,2000.0
692,2000.0
835,2000.0
853,2000.0
885,2000.0
955,2000.0
963,2000.0
1138,2000.0
1189,2000.0
1191,2000.0
1305,2000.0
1370,2000.0
1477,2000.0
1560,2000.0
1573,2000.0
1634,2000.0
1722,2000.0
1739,2000.0
1916,2000.0
1969,2000.0
1986,2000.0
2079,2000.0
2165,2000.0
2289,2000.0
2542,2000.0
2606,2000.0
2754,2000.0
3088,2000.0
4,1999.0
54,1999.0
95,1999.0
143,1999.0
149,1999.0
219,1999.0
225,1999.0
246,1999.0
248,1999.0
348,1999.0
373,1999.0
432,1999.0
604,1999.0
639,1999.0
677,1999.0
781,1999.0
886,1999.0
898,1999.0
1053,1999.0
1104,1999.0
1112,1999.0
1118,1999.0
1219,1999.0
1241,1999.0
1248,1999.0
1270,1999.0
1320,1999.0
1404,1999.0
1609,1999.0
1622,1999.0
1629,1999.0
1746,1999.0
1766,1999.0
1790,1999.0
1811,1999.0
1818,1999.0
1836,1999.0
1844,1999.0
1914,1999.0
2019,1999.0
2103,1999.0
2146,1999.0
2218,1999.0
2247,1999.0
2271,1999.0
2406,1999.0
2409,1999.0
2456,1999.0
2469,1999.0
2482,1999.0
2513,1999.0
2527,1999.0
2530,1999.0
2637,1999.0
2743,1999.0
2803,1999.0
2817,1999.0
2874,1999.0
2882,1999.0
2971,1999.0
2982,1999.0
3036,1999.0
3050,1999.0
3099,1999.0
3155,1999.0
5,1998.0
21,1998.0
113,1998.0
123,1998.0
131,1998.0
142,1998.0
183,1998.0
202,1998.0
214,1998.0
222,1998.0
313,1998.0
374,1998.0
376,1998.0
377,1998.0
424,1998.0
430,1998.0
442,1998.0
457,1998.0
509,1998.0
542,1998.0
569,1998.0
571,1998.0
572,1998.0
593,1998.0
621,1998.0
642,1998.0
646,1998.0
683,1998.0
742,1998.0
807,1998.0
827,1998.0
832,1998.0
857,1998.0
943,1998.0
945,1998.0
979,1998.0
1010,1998.0
1044,1998.0
1063,1998.0
1066,1998.0
1125,1998.0
1176,1998.0
1234,1998.0
1268,1998.0
1317,1998.0
1376,1998.0
1386,1998.0
1413,1998.0
1458,1998.0
1479,1998.0
1480,1998.0
1605,1998.0
1690,1998.0
1714,1998.0
1719,1998.0
1851,1998.0
1900,1998.0
1934,1998.0
1951,1998.0
1954,1998.0
1958,1998.0
1971,1998.0
1984,1998.0
2013,1998.0
2035,1998.0
2073,1998.0
2081,1998.0
2152,1998.0
2198,1998.0
2281,1998.0
2351,1998.0
2422,1998.0
2423,1998.0
2462,1998.0
2474,1998.0
2529,1998.0
2538,1998.0
2563,1998.0
2570,1998.0
2675,1998.0
2682,1998.0
2751,1998.0
2776,1998.0
2779,1998.0
2793,1998.0
2795,1998.0
2798,1998.0
2809,1998.0
2814,1998.0
2859,1998.0
2903,1998.0
2981,1998.0
2988,1998.0
3001,1998.0
3011,1998.0
3143,1998.0
3154,1998.0
15,1997.0
17,1997.0
28,1997.0
112,1997.0
124,1997.0
139,1997.0
152,1997.0
212,1997.0
233,1997.0
250,1997.0
260,1997.0
321,1997.0
326,1997.0
338,1997.0
421,1997.0
460,1997.0
510,1997.0
535,1997.0
545,1997.0
562,1997.0
566,1997.0
600,1997.0
643,1997.0
656,1997.0
662,1997.0
670,1997.0
706,1997.0
717,1997.0
722,1997.0
738,1997.0
762,1997.0
780,1997.0
783,1997.0
838,1997.0
847,1997.0
860,1997.0
882,1997.0
900,1997.0
909,1997.0
910,1997.0
931,1997.0
944,1997.0
953,1997.0
959,1997.0
1009,1997.0
1035,1997.0
1097,1997.0
1108,1997.0
1130,1997.0
1163,1997.0
1259,1997.0
1288,1997.0
1302,1997.0
1339,1997.0
1377,1997.0
1395,1997.0
1418,1997.0
1438,1997.0
1453,1997.0
1547,1997.0
1564,1997.0
1588,1997.0
1637,1997.0
1646,1997.0
1656,1997.0
1703,1997.0
1749,1997.0
1767,1997.0
1798,1997.0
1802,1997.0
1804,1997.0
1817,1997.0
1825,1997.0
1829,1997.0
1837,1997.0
1840,1997.0
1843,1997.0
1852,1997.0
1867,1997.0
1939,1997.0
1957,1997.0
2009,1997.0
2018,1997.0
2077,1997.0
2093,1997.0
2101,1997.0
2105,1997.0
2108,1997.0
2109,1997.0
2116,1997.0
2129,1997.0
2134,1997.0
2159,1997.0
2170,1997.0
2254,1997.0
2269,1997.0
2317,1997.0
2330,1997.0
2364,1997.0
2367,1997.0
2376,1997.0
2389,1997.0
2397,1997.0
2408,1997.0
2440,1997.0
2466,1997.0
2490,1997.0
2497,1997.0
2500,1997.0
2550,1997.0
2568,1997.0
2627,1997.0
2646,1997.0
2658,1997.0
2708,1997.0
2736,1997.0
2786,1997.0
2799,1997.0
2802,1997.0
2816,1997.0
2868,1997.0
2875,1997.0
2886,1997.0
2895,1997.0
2902,1997.0
2940,1997.0
2966,1997.0
2994,1997.0
2999,1997.0
3003,1997.0
3015,1997.0
3030,1997.0
3061,1997.0
3128,1997.0
3163,1997.0
3165,1997.0
49,1996.0
62,1996.0
84,1996.0
115,1996.0
126,1996.0
133,1996.0
163,1996.0
176,1996.0
186,1996.0
205,1996.0
206,1996.0
215,1996.0
240,1996.0
258,1996.0
265,1996.0
299,1996.0
305,1996.0
319,1996.0
330,1996.0
333,1996.0
380,1996.0
391,1996.0
413,1996.0
436,1996.0
444,1996.0
452,1996.0
453,1996.0
463,1996.0
468,1996.0
472,1996.0
521,1996.0
534,1996.0
568,1996.0
578,1996.0
601,1996.0
620,1996.0
625,1996.0
636,1996.0
647,1996.0
651,1996.0
653,1996.0
657,1996.0
666,1996.0
678,1996.0
682,1996.0
686,1996.0
689,1996.0
696,1996.0
703,1996.0
711,1996.0
713,1996.0
721,1996.0
735,1996.0
739,1996.0
754,1996.0
756,1996.0
763,1996.0
779,1996.0
825,1996.0
833,1996.0
839,1996.0
850,1996.0
863,1996.0
874,1996.0
878,1996.0
914,1996.0
917,1996.0
924,1996.0
929,1996.0
962,1996.0
964,1996.0
997,1996.0
1024,1996.0
1029,1996.0
1039,1996.0
1065,1996.0
1094,1996.0
1121,1996.0
1131,1996.0
1177,1996.0
1183,1996.0
1209,1996.0
1222,1996.0
1226,1996.0
1264,1996.0
1272,1996.0
1299,1996.0
1303,1996.0
1327,1996.0
1336,1996.0
1372,1996.0
1402,1996.0
1405,1996.0
1423,1996.0
1455,1996.0
1461,1996.0
1499,1996.0
1534,1996.0
1554,1996.0
1556,1996.0
1569,1996.0
1575,1996.0
1580,1996.0
1594,1996.0
1639,1996.0
1676,1996.0
1693,1996.0
1711,1996.0
1728,1996.0
1733,1996.0
1734,1996.0
1778,1996.0
1779,1996.0
1780,1996.0
1820,1996.0
1847,1996.0
1858,1996.0
1861,1996.0
1863,1996.0
1923,1996.0
1924,1996.0
1930,1996.0
1933,1996.0
1949,1996.0
1952,1996.0
1975,1996.0
2038,1996.0
2041,1996.0
2076,1996.0
2084,1996.0
2088,1996.0
2130,1996.0
2151,1996.0
2189,1996.0
2214,1996.0
2221,1996.0
2224,1996.0
2235,1996.0
2245,1996.0
2256,1996.0
2284,1996.0
2286,1996.0
2298,1996.0
2307,1996.0
2318,1996.0
2339,1996.0
2341,1996.0
2358,1996.0
2388,1996.0
2404,1996.0
2459,1996.0
2461,1996.0
2501,1996.0
2534,1996.0
2555,1996.0
2582,1996.0
2586,1996.0
2594,1996.0
2624,1996.0
2625,1996.0
2662,1996.0
2688,1996.0
2701,1996.0
2733,1996.0
2761,1996.0
2785,1996.0
2864,1996.0
2880,1996.0
2887,1996.0
2900,1996.0
2907,1996.0
3016,1996.0
3076,1996.0
3087,1996.0
3122,1996.0
3136,1996.0
3148,1996.0
3150,1996.0
3162,1996.0
13,1995.0
18,1995.0
19,1995.0
30,1995.0
31,1995.0
52,1995.0
53,1995.0
56,1995.0
110,1995.0
129,1995.0
150,1995.0
165,1995.0
174,1995.0
191,1995.0
224,1995.0
235,1995.0
252,1995.0
266,1995.0
283,1995.0
284,1995.0
292,1995.0
317,1995.0
331,1995.0
332,1995.0
342,1995.0
343,1995.0
360,1995.0
372,1995.0
385,1995.0
390,1995.0
408,1995.0
427,1995.0
431,1995.0
439,1995.0
448,1995.0
449,1995.0
462,1995.0
476,1995.0
479,1995.0
482,1995.0
502,1995.0
518,1995.0
523,1995.0
546,1995.0
555,1995.0
576,1995.0
580,1995.0
594,1995.0
599,1995.0
613,1995.0
627,1995.0
630,1995.0
635,1995.0
690,1995.0
707,1995.0
729,1995.0
740,1995.0
751,1995.0
752,1995.0
758,1995.0
764,1995.0
777,1995.0
784,1995.0
795,1995.0
803,1995.0
823,1995.0
831,1995.0
852,1995.0
884,1995.0
894,1995.0
916,1995.0
922,1995.0
932,1995.0
938,1995.0
968,1995.0
985,1995.0
987,1995.0
988,1995.0
993,1995.0
1001,1995.0
1032,1995.0
1048,1995.0
1076,1995.0
1093,1995.0
1103,1995.0
1106,1995.0
1137,1995.0
1153,1995.0
1206,1995.0
1223,1995.0
1238,1995.0
1266,1995.0
1282,1995.0
1289,1995.0
1312,1995.0
1338,1995.0
1355,1995.0
1363,1995.0
1374,1995.0
1394,1995.0
1396,1995.0
1400,1995.0
1425,1995.0
1456,1995.0
1469,1995.0
1472,1995.0
1485,1995.0
1489,1995.0
1492,1995.0
1504,1995.0
1527,1995.0
1538,1995.0
1544,1995.0
1552,1995.0
1613,1995.0
1614,1995.0
1645,1995.0
1655,1995.0
1687,1995.0
1705,1995.0
1723,1995.0
1727,1995.0
1735,1995.0
1736,1995.0
1772,1995.0
1782,1995.0
1797,1995.0
1805,1995.0
1816,1995.0
1834,1995.0
1838,1995.0
1839,1995.0
1841,1995.0
1842,1995.0
1846,1995.0
1855,1995.0
1877,1995.0
1884,1995.0
1888,1995.0
1917,1995.0
1926,1995.0
1931,1995.0
1942,1995.0
1977,1995.0
1978,1995.0
1994,1995.0
2042,1995.0
2065,1995.0
2074,1995.0
2078,1995.0
2089,1995.0
2090,1995.0
2092,1995.0
2096,1995.0
2100,1995.0
2124,1995.0
2145,1995.0
2161,1995.0
2176,1995.0
2178,1995.0
2184,1995.0
2195,1995.0
2227,1995.0
2236,1995.0
2237,1995.0
2244,1995.0
2248,1995.0
2250,1995.0
2257,1995.0
2265,1995.0
2273,1995.0
2278,1995.0
2368,1995.0
2399,1995.0
2415,1995.0
2420,1995.0
2434,1995.0
2448,1995.0
2450,1995.0
2463,1995.0
2464,1995.0
2465,1995.0
2524,1995.0
2535,1995.0
2564,1995.0
2581,1995.0
2585,1995.0
2598,1995.0
2629,1995.0
2651,1995.0
2698,1995.0
2719,1995.0
2748,1995.0
2759,1995.0
2763,1995.0
2808,1995.0
2810,1995.0
2820,1995.0
2844,1995.0
2863,1995.0
2878,1995.0
2889,1995.0
2909,1995.0
2916,1995.0
2938,1995.0
2955,1995.0
2991,1995.0
3007,1995.0
3024,1995.0
3042,1995.0
3057,1995.0
3059,1995.0
3066,1995.0
3086,1995.0
3109,1995.0
3129,1995.0
3139,1995.0
3152,1995.0
3,1994.0
11,1994.0
12,1994.0
26,1994.0
38,1994.0
45,1994.0
71,1994.0
88,1994.0
99,1994.0
102,1994.0
103,1994.0
117,1994.0
135,1994.0
158,1994.0
177,1994.0
181,1994.0
189,1994.0
196,1994.0
201,1994.0
207,1994.0
209,1994.0
221,1994.0
229,1994.0
243,1994.0
272,1994.0
277,1994.0
279,1994.0
295,1994.0
300,1994.0
306,1994.0
337,1994.0
345,1994.0
350,1994.0
362,1994.0
365,1994.0
366,1994.0
394,1994.0
396,1994.0
400,1994.0
402,1994.0
410,1994.0
434,1994.0
441,1994.0
469,1994.0
471,1994.0
474,1994.0
477,1994.0
478,1994.0
480,1994.0
485,1994.0
490,1994.0
492,1994.0
515,1994.0
525,1994.0
539,1994.0
547,1994.0
560,1994.0
574,1994.0
575,1994.0
579,1994.0
582,1994.0
597,1994.0
605,1994.0
619,1994.0
629,1994.0
632,1994.0
633,1994.0
649,1994.0
658,1994.0
672,1994.0
676,1994.0
684,1994.0
688,1994.0
691,1994.0
695,1994.0
709,1994.0
725,1994.0
732,1994.0
736,1994.0
737,1994.0
749,1994.0
787,1994.0
792,1994.0
809,1994.0
814,1994.0
828,1994.0
848,1994.0
872,1994.0
904,1994.0
918,1994.0
934,1994.0
956,1994.0
966,1994.0
990,1994.0
1002,1994.0
1005,1994.0
1018,1994.0
1022,1994.0
1041,1994.0
1043,1994.0
1049,1994.0
1058,1994.0
1067,1994.0
1069,1994.0
1075,1994.0
1085,1994.0
1088,1994.0
1110,1994.0
1132,1994.0
1152,1994.0
1162,1994.0
1171,1994.0
1193,1994.0
1216,1994.0
1221,1994.0
1246,1994.0
1284,1994.0
1295,1994.0
1335,1994.0
1359,1994.0
1373,1994.0
1388,1994.0
1391,1994.0
1403,1994.0
1409,1994.0
1432,1994.0
1433,1994.0
1437,1994.0
1439,1994.0
1444,1994.0
1449,1994.0
1457,1994.0
1463,1994.0
1465,1994.0
1466,1994.0
1468,1994.0
1471,1994.0
1476,1994.0
1478,1994.0
1488,1994.0
1490,1994.0
1496,1994.0
1502,1994.0
1505,1994.0
1510,1994.0
1519,1994.0
1526,1994.0
1529,1994.0
1532,1994.0
1576,1994.0
1577,1994.0
1578,1994.0
1581,1994.0
1586,1994.0
1606,1994.0
1617,1994.0
1625,1994.0
1647,1994.0
1649,1994.0
1651,1994.0
1653,1994.0
1654,1994.0
1665,1994.0
1678,1994.0
1698,1994.0
1701,1994.0
1702,1994.0
1716,1994.0
1732,1994.0
1747,1994.0
1750,1994.0
1768,1994.0
1807,1994.0
1821,1994.0
1831,1994.0
1845,1994.0
1850,1994.0
1864,1994.0
1865,1994.0
1892,1994.0
1918,1994.0
1920,1994.0
1921,1994.0
1940,1994.0
1950,1994.0
1963,1994.0
1965,1994.0
2002,1994.0
2015,1994.0
2040,1994.0
2044,1994.0
2050,1994.0
2052,1994.0
2082,1994.0
2083,1994.0
2086,1994.0
2098,1994.0
2119,1994.0
2123,1994.0
2135,1994.0
2140,1994.0
2143,1994.0
2148,1994.0
2160,1994.0
2174,1994.0
2179,1994.0
2187,1994.0
2196,1994.0
2201,1994.0
2205,1994.0
2211,1994.0
2216,1994.0
2242,1994.0
2252,1994.0
2274,1994.0
2282,1994.0
2294,1994.0
2295,1994.0
2299,1994.0
2310,1994.0
2321,1994.0
2323,1994.0
2328,1994.0
2345,1994.0
2346,1994.0
2359,1994.0
2365,1994.0
2425,1994.0
2431,1994.0
2433,1994.0
2437,1994.0
2449,1994.0
2454,1994.0
2457,1994.0
2467,1994.0
2485,1994.0
2514,1994.0
2520,1994.0
2525,1994.0
2556,1994.0
2571,1994.0
2576,1994.0
2593,1994.0
2599,1994.0
2626,1994.0
2633,1994.0
2640,1994.0
2680,1994.0
2718,1994.0
2764,1994.0
2767,1994.0
2826,1994.0
2834,1994.0
2849,1994.0
2853,1994.0
2884,1994.0
2901,1994.0
2904,1994.0
2905,1994.0
2908,1994.0
2918,1994.0
2921,1994.0
2932,1994.0
2933,1994.0
2946,1994.0
2950,1994.0
2960,1994.0
3031,1994.0
3032,1994.0
3033,1994.0
3055,1994.0
3074,1994.0
3084,1994.0
3089,1994.0
3110,1994.0
3123,1994.0
3130,1994.0
3131,1994.0
3161,1994.0
3166,1994.0
3167,1994.0
16,1993.0
25,1993.0
35,1993.0
40,1993.0
58,1993.0
61,1993.0
63,1993.0
65,1993.0
66,1993.0
76,1993.0
90,1993.0
116,1993.0
119,1993.0
121,1993.0
122,1993.0
153,1993.0
154,1993.0
159,1993.0
161,1993.0
179,1993.0
204,1993.0
223,1993.0
241,1993.0
261,1993.0
263,1993.0
267,1993.0
290,1993.0
294,1993.0
301,1993.0
312,1993.0
335,1993.0
346,1993.0
349,1993.0
368,1993.0
371,1993.0
401,1993.0
404,1993.0
407,1993.0
423,1993.0
426,1993.0
454,1993.0
461,1993.0
466,1993.0
483,1993.0
486,1993.0
488,1993.0
503,1993.0
511,1993.0
519,1993.0
520,1993.0
537,1993.0
541,1993.0
544,1993.0
552,1993.0
589,1993.0
598,1993.0
606,1993.0
611,1993.0
614,1993.0
623,1993.0
631,1993.0
640,1993.0
650,1993.0
654,1993.0
667,1993.0
680,1993.0
693,1993.0
700,1993.0
701,1993.0
702,1993.0
710,1993.0
720,1993.0
724,1993.0
734,1993.0
744,1993.0
761,1993.0
769,1993.0
770,1993.0
771,1993.0
776,1993.0
778,1993.0
785,1993.0
788,1993.0
799,1993.0
802,1993.0
816,1993.0
820,1993.0
826,1993.0
855,1993.0
859,1993.0
862,1993.0
903,1993.0
972,1993.0
980,1993.0
982,1993.0
984,1993.0
996,1993.0
1000,1993.0
1040,1993.0
1047,1993.0
1061,1993.0
1098,1993.0
1113,1993.0
1127,1993.0
1144,1993.0
1146,1993.0
1164,1993.0
1174,1993.0
1178,1993.0
1179,1993.0
1192,1993.0
1203,1993.0
1225,1993.0
1229,1993.0
1233,1993.0
1236,1993.0
1269,1993.0
1301,1993.0
1307,1993.0
1313,1993.0
1326,1993.0
1345,1993.0
1347,1993.0
1368,1993.0
1379,1993.0
1393,1993.0
1397,1993.0
1406,1993.0
1408,1993.0
1410,1993.0
1412,1993.0
1415,1993.0
1421,1993.0
1473,1993.0
1484,1993.0
1491,1993.0
1513,1993.0
1514,1993.0
1524,1993.0
1530,1993.0
1533,1993.0
1536,1993.0
1545,1993.0
1551,1993.0
1565,1993.0
1597,1993.0
1599,1993.0
1600,1993.0
1602,1993.0
1608,1993.0
1616,1993.0
1642,1993.0
1643,1993.0
1669,1993.0
1689,1993.0
1692,1993.0
1699,1993.0
1704,1993.0
1712,1993.0
1726,1993.0
1737,1993.0
1742,1993.0
1743,1993.0
1754,1993.0
1757,1993.0
1760,1993.0
1762,1993.0
1775,1993.0
1822,1993.0
1860,1993.0
1879,1993.0
1898,1993.0
1909,1993.0
1911,1993.0
1928,1993.0
1938,1993.0
1945,1993.0
1956,1993.0
1982,1993.0
1987,1993.0
2000,1993.0
2027,1993.0
2030,1993.0
2062,1993.0
2066,1993.0
2097,1993.0
2122,1993.0
2137,1993.0
2139,1993.0
2153,1993.0
2155,1993.0
2158,1993.0
2164,1993.0
2175,1993.0
2183,1993.0
2192,1993.0
2193,1993.0
2207,1993.0
2213,1993.0
2215,1993.0
2220,1993.0
2223,1993.0
2263,1993.0
2264,1993.0
2267,1993.0
2280,1993.0
2303,1993.0
2304,1993.0
2320,1993.0
2342,1993.0
2349,1993.0
2371,1993.0
2407,1993.0
2445,1993.0
2505,1993.0
2515,1993.0
2545,1993.0
2549,1993.0
2553,1993.0
2561,1993.0
2580,1993.0
2592,1993.0
2595,1993.0
2596,1993.0
2602,1993.0
2634,1993.0
2653,1993.0
2665,1993.0
2678,1993.0
2700,1993.0
2707,1993.0
2712,1993.0
2729,1993.0
2730,1993.0
2752,1993.0
2757,1993.0
2762,1993.0
2781,1993.0
2783,1993.0
2787,1993.0
2797,1993.0
2837,1993.0
2838,1993.0
2851,1993.0
2870,1993.0
2879,1993.0
2885,1993.0
2899,1993.0
2919,1993.0
2923,1993.0
2943,1993.0
2944,1993.0
2948,1993.0
2972,1993.0
2996,1993.0
3018,1993.0
3026,1993.0
3027,1993.0
3062,1993.0
3081,1993.0
3083,1993.0
3105,1993.0
3121,1993.0
8,1992.0
9,1992.0
10,1992.0
20,1992.0
34,1992.0
39,1992.0
44,1992.0
47,1992.0
57,1992.0
68,1992.0
75,1992.0
77,1992.0
79,1992.0
94,1992.0
114,1992.0
128,1992.0
136,1992.0
178,1992.0
185,1992.0
188,1992.0
193,1992.0
208,1992.0
227,1992.0
234,1992.0
251,1992.0
256,1992.0
262,1992.0
273,1992.0
287,1992.0
310,1992.0
318,1992.0
324,1992.0
328,1992.0
341,1992.0
356,1992.0
357,1992.0
363,1992.0
378,1992.0
382,1992.0
387,1992.0
398,1992.0
412,1992.0
420,1992.0
429,1992.0
437,1992.0
446,1992.0
459,1992.0
489,1992.0
491,1992.0
495,1992.0
506,1992.0
514,1992.0
526,1992.0
538,1992.0
548,1992.0
561,1992.0
563,1992.0
577,1992.0
586,1992.0
591,1992.0
610,1992.0
615,1992.0
618,1992.0
622,1992.0
644,1992.0
665,1992.0
675,1992.0
698,1992.0
704,1992.0
718,1992.0
719,1992.0
727,1992.0
730,1992.0
743,1992.0
750,1992.0
766,1992.0
774,1992.0
798,1992.0
804,1992.0
815,1992.0
841,1992.0
861,1992.0
868,1992.0
873,1992.0
875,1992.0
876,1992.0
883,1992.0
897,1992.0
912,1992.0
930,1992.0
961,1992.0
970,1992.0
986,1992.0
1050,1992.0
1055,1992.0
1059,1992.0
1064,1992.0
1073,1992.0
1078,1992.0
1095,1992.0
1129,1992.0
1140,1992.0
1147,1992.0
1150,1992.0
1166,1992.0
1188,1992.0
1208,1992.0
1235,1992.0
1297,1992.0
1323,1992.0
1329,1992.0
1349,1992.0
1356,1992.0
1380,1992.0
1407,1992.0
1414,1992.0
1416,1992.0
1419,1992.0
1424,1992.0
1426,1992.0
1459,1992.0
1470,1992.0
1482,1992.0
1494,1992.0
1500,1992.0
1506,1992.0
1520,1992.0
1521,1992.0
1539,1992.0
1557,1992.0
1563,1992.0
1584,1992.0
1598,1992.0
1610,1992.0
1611,1992.0
1627,1992.0
1635,1992.0
1636,1992.0
1666,1992.0
1667,1992.0
1673,1992.0
1688,1992.0
1713,1992.0
1724,1992.0
1729,1992.0
1738,1992.0
1764,1992.0
1770,1992.0
1773,1992.0
1776,1992.0
1808,1992.0
1815,1992.0
1833,1992.0
1849,1992.0
1853,1992.0
1866,1992.0
1897,1992.0
1904,1992.0
1913,1992.0
1922,1992.0
1927,1992.0
1936,1992.0
1955,1992.0
1967,1992.0
1970,1992.0
1974,1992.0
2006,1992.0
2007,1992.0
2016,1992.0
2023,1992.0
2031,1992.0
2033,1992.0
2043,1992.0
2046,1992.0
2055,1992.0
2061,1992.0
2094,1992.0
2111,1992.0
2114,1992.0
2126,1992.0
2144,1992.0
2149,1992.0
2156,1992.0
2163,1992.0
2169,1992.0
2171,1992.0
2190,1992.0
2203,1992.0
2204,1992.0
2210,1992.0
2253,1992.0
2260,1992.0
2261,1992.0
2262,1992.0
2272,1992.0
2279,1992.0
2291,1992.0
2301,1992.0
2311,1992.0
2312,1992.0
2340,1992.0
2353,1992.0
2355,1992.0
2360,1992.0
2363,1992.0
2370,1992.0
2373,1992.0
2374,1992.0
2382,1992.0
2394,1992.0
2416,1992.0
2451,1992.0
2477,1992.0
2480,1992.0
2494,1992.0
2502,1992.0
2522,1992.0
2526,1992.0
2540,1992.0
2572,1992.0
2587,1992.0
2588,1992.0
2589,1992.0
2652,1992.0
2661,1992.0
2674,1992.0
2676,1992.0
2690,1992.0
2746,1992.0
2766,1992.0
2769,1992.0
2775,1992.0
2778,1992.0
2784,1992.0
2796,1992.0
2805,1992.0
2819,1992.0
2822,1992.0
2824,1992.0
2825,1992.0
2828,1992.0
2839,1992.0
2856,1992.0
2861,1992.0
2912,1992.0
2914,1992.0
2915,1992.0
2935,1992.0
2957,1992.0
2970,1992.0
2975,1992.0
2983,1992.0
2993,1992.0
2998,1992.0
3008,1992.0
3012,1992.0
3014,1992.0
3019,1992.0
3037,1992.0
3040,1992.0
3044,1992.0
3071,1992.0
3085,1992.0
3090,1992.0
3097,1992.0
3100,1992.0
3106,1992.0
3124,1992.0
3125,1992.0
3132,1992.0
3133,1992.0
3151,1992.0
2,1991.0
32,1991.0
33,1991.0
37,1991.0
41,1991.0
64,1991.0
69,1991.0
72,1991.0
80,1991.0
86,1991.0
104,1991.0
106,1991.0
107,1991.0
141,1991.0
151,1991.0
156,1991.0
164,1991.0
167,1991.0
172,1991.0
184,1991.0
199,1991.0
218,1991.0
231,1991.0
237,1991.0
239,1991.0
255,1991.0
271,1991.0
275,1991.0
296,1991.0
297,1991.0
322,1991.0
323,1991.0
334,1991.0
355,1991.0
375,1991.0
381,1991.0
383,1991.0
397,1991.0
399,1991.0
416,1991.0
428,1991.0
464,1991.0
473,1991.0
484,1991.0
487,1991.0
498,1991.0
499,1991.0
500,1991.0
507,1991.0
517,1991.0
529,1991.0
530,1991.0
543,1991.0
556,1991.0
583,1991.0
587,1991.0
590,1991.0
595,1991.0
608,1991.0
624,1991.0
634,1991.0
645,1991.0
674,1991.0
685,1991.0
697,1991.0
708,1991.0
712,1991.0
748,1991.0
755,1991.0
760,1991.0
772,1991.0
775,1991.0
786,1991.0
793,1991.0
813,1991.0
834,1991.0
851,1991.0
865,1991.0
889,1991.0
902,1991.0
908,1991.0
913,1991.0
937,1991.0
949,1991.0
975,1991.0
977,1991.0
978,1991.0
999,1991.0
1027,1991.0
1034,1991.0
1036,1991.0
1038,1991.0
1042,1991.0
1090,1991.0
1111,1991.0
1141,1991.0
1160,1991.0
1169,1991.0
1194,1991.0
1195,1991.0
1199,1991.0
1204,1991.0
1212,1991.0
1227,1991.0
1273,1991.0
1321,1991.0
1351,1991.0
1358,1991.0
1387,1991.0
1401,1991.0
1411,1991.0
1417,1991.0
1431,1991.0
1452,1991.0
1474,1991.0
1481,1991.0
1531,1991.0
1542,1991.0
1566,1991.0
1612,1991.0
1615,1991.0
1624,1991.0
1633,1991.0
1640,1991.0
1660,1991.0
1684,1991.0
1686,1991.0
1715,1991.0
1718,1991.0
1721,1991.0
1753,1991.0
1761,1991.0
1771,1991.0
1789,1991.0
1800,1991.0
1806,1991.0
1809,1991.0
1812,1991.0
1814,1991.0
1848,1991.0
1854,1991.0
1868,1991.0
1878,1991.0
1901,1991.0
1903,1991.0
1905,1991.0
1925,1991.0
1932,1991.0
1943,1991.0
1953,1991.0
1960,1991.0
1961,1991.0
1966,1991.0
1989,1991.0
1997,1991.0
2004,1991.0
2010,1991.0
2021,1991.0
2026,1991.0
2029,1991.0
2039,1991.0
2047,1991.0
2049,1991.0
2064,1991.0
2104,1991.0
2117,1991.0
2132,1991.0
2157,1991.0
2166,1991.0
2197,1991.0
2206,1991.0
2208,1991.0
2232,1991.0
2238,1991.0
2249,1991.0
2316,1991.0
2327,1991.0
2331,1991.0
2337,1991.0
2348,1991.0
2357,1991.0
2362,1991.0
2391,1991.0
2403,1991.0
2405,1991.0
2417,1991.0
2436,1991.0
2447,1991.0
2455,1991.0
2475,1991.0
2492,1991.0
2537,1991.0
2569,1991.0
2578,1991.0
2579,1991.0
2608,1991.0
2623,1991.0
2636,1991.0
2644,1991.0
2648,1991.0
2697,1991.0
2703,1991.0
2738,1991.0
2771,1991.0
2773,1991.0
2780,1991.0
2792,1991.0
2813,1991.0
2821,1991.0
2827,1991.0
2830,1991.0
2835,1991.0
2845,1991.0
2860,1991.0
2862,1991.0
2891,1991.0
2897,1991.0
2911,1991.0
2922,1991.0
2926,1991.0
2928,1991.0
2945,1991.0
2959,1991.0
2964,1991.0
2974,1991.0
2978,1991.0
2979,1991.0
3005,1991.0
3034,1991.0
3052,1991.0
3053,1991.0
3067,1991.0
3096,1991.0
3103,1991.0
3160,1991.0
22,1990.0
23,1990.0
27,1990.0
29,1990.0
36,1990.0
42,1990.0
48,1990.0
59,1990.0
60,1990.0
89,1990.0
91,1990.0
137,1990.0
148,1990.0
157,1990.0
169,1990.0
171,1990.0
180,1990.0
197,1990.0
213,1990.0
216,1990.0
228,1990.0
244,1990.0
245,1990.0
264,1990.0
270,1990.0
285,1990.0
293,1990.0
308,1990.0
311,1990.0
314,1990.0
325,1990.0
353,1990.0
358,1990.0
392,1990.0
409,1990.0
435,1990.0
451,1990.0
456,1990.0
475,1990.0
508,1990.0
524,1990.0
527,1990.0
528,1990.0
531,1990.0
532,1990.0
549,1990.0
550,1990.0
553,1990.0
609,1990.0
612,1990.0
628,1990.0
648,1990.0
652,1990.0
663,1990.0
668,1990.0
679,1990.0
699,1990.0
728,1990.0
753,1990.0
757,1990.0
796,1990.0
797,1990.0
800,1990.0
811,1990.0
821,1990.0
822,1990.0
829,1990.0
830,1990.0
842,1990.0
843,1990.0
844,1990.0
871,1990.0
877,1990.0
880,1990.0
887,1990.0
890,1990.0
896,1990.0
899,1990.0
921,1990.0
923,1990.0
939,1990.0
948,1990.0
974,1990.0
989,1990.0
995,1990.0
998,1990.0
1006,1990.0
1007,1990.0
1014,1990.0
1025,1990.0
1028,1990.0
1031,1990.0
1037,1990.0
1070,1990.0
1081,1990.0
1099,1990.0
1101,1990.0
1105,1990.0
1136,1990.0
1142,1990.0
1167,1990.0
1170,1990.0
1182,1990.0
1185,1990.0
1205,1990.0
1210,1990.0
1257,1990.0
1286,1990.0
1308,1990.0
1322,1990.0
1333,1990.0
1342,1990.0
1398,1990.0
1399,1990.0
1422,1990.0
1427,1990.0
1428,1990.0
1435,1990.0
1448,1990.0
1467,1990.0
1475,1990.0
1498,1990.0
1516,1990.0
1523,1990.0
1535,1990.0
1546,1990.0
1558,1990.0
1572,1990.0
1583,1990.0
1585,1990.0
1589,1990.0
1590,1990.0
1596,1990.0
1601,1990.0
1618,1990.0
1619,1990.0
1628,1990.0
1631,1990.0
1632,1990.0
1641,1990.0
1671,1990.0
1674,1990.0
1680,1990.0
1685,1990.0
1691,1990.0
1694,1990.0
1695,1990.0
1706,1990.0
1710,1990.0
1731,1990.0
1748,1990.0
1755,1990.0
1758,1990.0
1763,1990.0
1777,1990.0
1784,1990.0
1787,1990.0
1826,1990.0
1827,1990.0
1835,1990.0
1883,1990.0
1895,1990.0
1902,1990.0
1941,1990.0
1959,1990.0
1962,1990.0
1991,1990.0
2037,1990.0
2067,1990.0
2075,1990.0
2095,1990.0
2102,1990.0
2107,1990.0
2113,1990.0
2118,1990.0
2131,1990.0
2138,1990.0
2142,1990.0
2147,1990.0
2150,1990.0
2172,1990.0
2177,1990.0
2185,1990.0
2199,1990.0
2209,1990.0
2230,1990.0
2231,1990.0
2255,1990.0
2297,1990.0
2302,1990.0
2309,1990.0
2313,1990.0
2314,1990.0
2319,1990.0
2344,1990.0
2350,1990.0
2352,1990.0
2356,1990.0
2361,1990.0
2383,1990.0
2390,1990.0
2393,1990.0
2410,1990.0
2453,1990.0
2460,1990.0
2473,1990.0
2484,1990.0
2488,1990.0
2493,1990.0
2496,1990.0
2508,1990.0
2531,1990.0
2539,1990.0
2548,1990.0
2554,1990.0
2559,1990.0
2573,1990.0
2584,1990.0
2610,1990.0
2659,1990.0
2685,1990.0
2694,1990.0
2696,1990.0
2721,1990.0
2740,1990.0
2755,1990.0
2768,1990.0
2772,1990.0
2777,1990.0
2806,1990.0
2807,1990.0
2832,1990.0
2840,1990.0
2841,1990.0
2847,1990.0
2852,1990.0
2876,1990.0
2877,1990.0
2893,1990.0
2920,1990.0
2924,1990.0
2929,1990.0
2936,1990.0
2939,1990.0
2941,1990.0
2949,1990.0
2953,1990.0
2967,1990.0
2968,1990.0
2977,1990.0
2987,1990.0
2989,1990.0
3041,1990.0
3054,1990.0
3075,1990.0
3118,1990.0
3145,1990.0
3153,1990.0
14,1989.0
46,1989.0
51,1989.0
87,1989.0
92,1989.0
100,1989.0
111,1989.0
118,1989.0
140,1989.0
145,1989.0
166,1989.0
170,1989.0
190,1989.0
192,1989.0
210,1989.0
211,1989.0
217,1989.0
230,1989.0
238,1989.0
257,1989.0
259,1989.0
276,1989.0
288,1989.0
304,1989.0
307,1989.0
309,1989.0
316,1989.0
361,1989.0
367,1989.0
369,1989.0
379,1989.0
388,1989.0
414,1989.0
418,1989.0
422,1989.0
438,1989.0
443,1989.0
465,1989.0
470,1989.0
558,1989.0
564,1989.0
567,1989.0
581,1989.0
585,1989.0
596,1989.0
617,1989.0
638,1989.0
745,1989.0
747,1989.0
767,1989.0
794,1989.0
801,1989.0
817,1989.0
818,1989.0
824,1989.0
840,1989.0
856,1989.0
888,1989.0
895,1989.0
907,1989.0
911,1989.0
919,1989.0
920,1989.0
928,1989.0
935,1989.0
936,1989.0
947,1989.0
950,1989.0
967,1989.0
971,1989.0
973,1989.0
981,1989.0
992,1989.0
994,1989.0
1003,1989.0
1012,1989.0
1071,1989.0
1082,1989.0
1117,1989.0
1119,1989.0
1120,1989.0
1135,1989.0
1145,1989.0
1161,1989.0
1184,1989.0
1215,1989.0
1230,1989.0
1252,1989.0
1310,1989.0
1315,1989.0
1324,1989.0
1360,1989.0
1361,1989.0
1369,1989.0
1371,1989.0
1381,1989.0
1389,1989.0
1440,1989.0
1447,1989.0
1483,1989.0
1497,1989.0
1503,1989.0
1528,1989.0
1537,1989.0
1541,1989.0
1548,1989.0
1549,1989.0
1567,1989.0
1603,1989.0
1650,1989.0
1670,1989.0
1672,1989.0
1679,1989.0
1681,1989.0
1707,1989.0
1708,1989.0
1720,1989.0
1774,1989.0
1788,1989.0
1856,1989.0
1857,1989.0
1862,1989.0
1873,1989.0
1875,1989.0
1906,1989.0
1919,1989.0
1929,1989.0
1946,1989.0
1964,1989.0
1976,1989.0
1981,1989.0
2008,1989.0
2012,1989.0
2036,1989.0
2048,1989.0
2060,1989.0
2071,1989.0
2099,1989.0
2110,1989.0
2125,1989.0
2133,1989.0
2186,1989.0
2202,1989.0
2222,1989.0
2225,1989.0
2240,1989.0
2241,1989.0
2251,1989.0
2259,1989.0
2268,1989.0
2288,1989.0
2290,1989.0
2306,1989.0
2325,1989.0
2333,1989.0
2347,1989.0
2366,1989.0
2372,1989.0
2385,1989.0
2400,1989.0
2401,1989.0
2402,1989.0
2512,1989.0
2523,1989.0
2565,1989.0
2614,1989.0
2616,1989.0
2639,1989.0
2668,1989.0
2681,1989.0
2693,1989.0
2706,1989.0
2724,1989.0
2774,1989.0
2789,1989.0
2791,1989.0
2794,1989.0
2818,1989.0
2848,1989.0
2866,1989.0
2883,1989.0
2892,1989.0
2906,1989.0
2913,1989.0
2917,1989.0
2930,1989.0
2931,1989.0
2934,1989.0
2937,1989.0
2951,1989.0
2952,1989.0
2965,1989.0
2980,1989.0
2984,1989.0
3051,1989.0
3068,1989.0
3101,1989.0
3107,1989.0
6,1988.0
55,1988.0
98,1988.0
127,1988.0
147,1988.0
168,1988.0
175,1988.0
198,1988.0
220,1988.0
226,1988.0
247,1988.0
249,1988.0
253,1988.0
254,1988.0
274,1988.0
281,1988.0
286,1988.0
291,1988.0
302,1988.0
340,1988.0
370,1988.0
415,1988.0
433,1988.0
445,1988.0
512,1988.0
522,1988.0
554,1988.0
557,1988.0
559,1988.0
573,1988.0
588,1988.0
602,1988.0
637,1988.0
659,1988.0
681,1988.0
705,1988.0
746,1988.0
789,1988.0
791,1988.0
805,1988.0
806,1988.0
819,1988.0
858,1988.0
892,1988.0
941,1988.0
969,1988.0
976,1988.0
1004,1988.0
1033,1988.0
1054,1988.0
1060,1988.0
1086,1988.0
1087,1988.0
1091,1988.0
1109,1988.0
1151,1988.0
1330,1988.0
1332,1988.0
1353,1988.0
1382,1988.0
1429,1988.0
1451,1988.0
1493,1988.0
1501,1988.0
1509,1988.0
1518,1988.0
1543,1988.0
1550,1988.0
1561,1988.0
1568,1988.0
1593,1988.0
1607,1988.0
1668,1988.0
1677,1988.0
1682,1988.0
1717,1988.0
1744,1988.0
1783,1988.0
1792,1988.0
1801,1988.0
1813,1988.0
1819,1988.0
1824,1988.0
1830,1988.0
1881,1988.0
1882,1988.0
1890,1988.0
1894,1988.0
1899,1988.0
1908,1988.0
1935,1988.0
1948,1988.0
2020,1988.0
2025,1988.0
2057,1988.0
2059,1988.0
2070,1988.0
2072,1988.0
2080,1988.0
2087,1988.0
2115,1988.0
2136,1988.0
2168,1988.0
2181,1988.0
2234,1988.0
2258,1988.0
2266,1988.0
2276,1988.0
2287,1988.0
2315,1988.0
2343,1988.0
2369,1988.0
2375,1988.0
2377,1988.0
2395,1988.0
2419,1988.0
2479,1988.0
2481,1988.0
2498,1988.0
2517,1988.0
2519,1988.0
2547,1988.0
2558,1988.0
2603,1988.0
2607,1988.0
2615,1988.0
2713,1988.0
2765,1988.0
2770,1988.0
2812,1988.0
2846,1988.0
2854,1988.0
2855,1988.0
2857,1988.0
2865,1988.0
2910,1988.0
2927,1988.0
2954,1988.0
2958,1988.0
2961,1988.0
2990,1988.0
3111,1988.0
3158,1988.0
3164,1988.0
43,1987.0
67,1987.0
70,1987.0
74,1987.0
82,1987.0
101,1987.0
108,1987.0
182,1987.0
203,1987.0
236,1987.0
280,1987.0
329,1987.0
339,1987.0
344,1987.0
354,1987.0
384,1987.0
403,1987.0
406,1987.0
458,1987.0
496,1987.0
505,1987.0
513,1987.0
536,1987.0
540,1987.0
551,1987.0
570,1987.0
661,1987.0
664,1987.0
687,1987.0
759,1987.0
768,1987.0
782,1987.0
812,1987.0
836,1987.0
846,1987.0
866,1987.0
867,1987.0
879,1987.0
905,1987.0
915,1987.0
926,1987.0
933,1987.0
940,1987.0
951,1987.0
958,1987.0
960,1987.0
1008,1987.0
1057,1987.0
1084,1987.0
1102,1987.0
1154,1987.0
1157,1987.0
1172,1987.0
1214,1987.0
1256,1987.0
1277,1987.0
1314,1987.0
1331,1987.0
1341,1987.0
1352,1987.0
1367,1987.0
1420,1987.0
1430,1987.0
1441,1987.0
1442,1987.0
1464,1987.0
1517,1987.0
1522,1987.0
1540,1987.0
1574,1987.0
1591,1987.0
1659,1987.0
1664,1987.0
1675,1987.0
1697,1987.0
1740,1987.0
1765,1987.0
1769,1987.0
1785,1987.0
1791,1987.0
1795,1987.0
1832,1987.0
1876,1987.0
1886,1987.0
1887,1987.0
1889,1987.0
1910,1987.0
1912,1987.0
1979,1987.0
1983,1987.0
1985,1987.0
1992,1987.0
1995,1987.0
2005,1987.0
2045,1987.0
2053,1987.0
2054,1987.0
2063,1987.0
2068,1987.0
2069,1987.0
2085,1987.0
2120,1987.0
2180,1987.0
2182,1987.0
2191,1987.0
2226,1987.0
2229,1987.0
2243,1987.0
2293,1987.0
2305,1987.0
2324,1987.0
2335,1987.0
2338,1987.0
2470,1987.0
2506,1987.0
2532,1987.0
2536,1987.0
2654,1987.0
2717,1987.0
2790,1987.0
2836,1987.0
2858,1987.0
2881,1987.0
2890,1987.0
2894,1987.0
2898,1987.0
2942,1987.0
3038,1987.0
3045,1987.0
3098,1987.0
3113,1987.0
3146,1987.0
24,1986.0
78,1986.0
97,1986.0
130,1986.0
134,1986.0
144,1986.0
160,1986.0
269,1986.0
303,1986.0
320,1986.0
351,1986.0
352,1986.0
359,1986.0
386,1986.0
389,1986.0
393,1986.0
641,1986.0
655,1986.0
660,1986.0
673,1986.0
714,1986.0
731,1986.0
773,1986.0
837,1986.0
854,1986.0
891,1986.0
901,1986.0
942,1986.0
1015,1986.0
1023,1986.0
1100,1986.0
1134,1986.0
1186,1986.0
1232,1986.0
1242,1986.0
1271,1986.0
1280,1986.0
1316,1986.0
1350,1986.0
1436,1986.0
1445,1986.0
1460,1986.0
1512,1986.0
1559,1986.0
1571,1986.0
1595,1986.0
1604,1986.0
1657,1986.0
1683,1986.0
1751,1986.0
1796,1986.0
1823,1986.0
1859,1986.0
1870,1986.0
1874,1986.0
1880,1986.0
1896,1986.0
1947,1986.0
1973,1986.0
1996,1986.0
1998,1986.0
1999,1986.0
2017,1986.0
2032,1986.0
2056,1986.0
2167,1986.0
2219,1986.0
2246,1986.0
2326,1986.0
2332,1986.0
2336,1986.0
2379,1986.0
2414,1986.0
2430,1986.0
2544,1986.0
2560,1986.0
2575,1986.0
2699,1986.0
2833,1986.0
2871,1986.0
2873,1986.0
3039,1986.0
3064,1986.0
81,1985.0
93,1985.0
132,1985.0
138,1985.0
173,1985.0
289,1985.0
298,1985.0
347,1985.0
419,1985.0
425,1985.0
497,1985.0
533,1985.0
584,1985.0
626,1985.0
671,1985.0
715,1985.0
716,1985.0
765,1985.0
810,1985.0
893,1985.0
925,1985.0
952,1985.0
954,1985.0
965,1985.0
1052,1985.0
1096,1985.0
1143,1985.0
1149,1985.0
1187,1985.0
1228,1985.0
1285,1985.0
1319,1985.0
1365,1985.0
1562,1985.0
1620,1985.0
1621,1985.0
1623,1985.0
1626,1985.0
1648,1985.0
1871,1985.0
1944,1985.0
1968,1985.0
1972,1985.0
1988,1985.0
2001,1985.0
2011,1985.0
2051,1985.0
2112,1985.0
2154,1985.0
2270,1985.0
2292,1985.0
2334,1985.0
2411,1985.0
2421,1985.0
2471,1985.0
2499,1985.0
2562,1985.0
2683,1985.0
2992,1985.0
3056,1985.0
3159,1985.0
50,1984.0
85,1984.0
109,1984.0
194,1984.0
364,1984.0
504,1984.0
870,1984.0
881,1984.0
927,1984.0
957,1984.0
1026,1984.0
1077,1984.0
1089,1984.0
1155,1984.0
1384,1984.0
1454,1984.0
1486,1984.0
1658,1984.0
1662,1984.0
1799,1984.0
1828,1984.0
1869,1984.0
1915,1984.0
1990,1984.0
2022,1984.0
2034,1984.0
2277,1984.0
2329,1984.0
2427,1984.0
2521,1984.0
2552,1984.0
2842,1984.0
2969,1984.0
3028,1984.0
3058,1984.0
3114,1984.0
105,1983.0
146,1983.0
455,1983.0
808,1983.0
1292,1983.0
1511,1983.0
1661,1983.0
1752,1983.0
1786,1983.0
1793,1983.0
1803,1983.0
1891,1983.0
2283,1983.0
2384,1983.0
2412,1983.0
2577,1983.0
2686,1983.0
2705,1983.0
3091,1983.0
1013,1982.0
1198,1982.0
1872,1982.0
2275,1982.0
2684,1982.0
1,1981.0
125,1981.0
242,1981.0
268,1981.0
1239,1981.0
1759,1981.0
2200,1981.0
2432,1979.0
616,1978.0
1443,1978.0
493,1973.0
